{"0":false,"nav_menu_locations":{"primary":21,"menu-1":21,"menu_header_2":82,"category":0},"custom_css_post_id":3700,"header_builder_version":"v2","hide_header_builder_switcher":"yes","header_builder_panel_v2":{"desktop":{"top":{"left":[],"center":[],"right":[]},"main":{"left":[{"id":"logo"}],"center":[{"id":"primary-menu"}],"right":[]},"bottom":{"left":[],"center":[],"right":[]}},"mobile":{"top":{"left":[],"center":[],"right":[]},"main":{"left":[{"id":"logo"}],"center":[],"right":[{"id":"search_icon"},{"id":"nav-icon"}]},"bottom":{"left":[],"center":[],"right":[]},"sidebar":{"sidebar":[{"id":"primary-menu"}]}}},"footer_builder_panel":{"desktop":{"main":[{"x":"0","y":"1","width":"4","height":"1","id":"footer-1"},{"x":"4","y":"1","width":"2","height":"1","id":"footer-2"},{"x":"6","y":"1","width":"2","height":"1","id":"footer-3"},{"x":"8","y":"1","width":"4","height":"1","id":"footer-4"}],"bottom":[{"x":"4","y":"1","width":"4","height":"1","id":"footer_copyright"}]}},"farmacie_header_button_text":"Covid-19 Alert!","farmacie_header_button_styling":{"normal":{"text_color":"#ffffff","padding":{"desktop":{"unit":"px","top":"10","right":"25","bottom":"10","left":"25","link":""},"tablet":{"unit":"px","top":"","right":"","bottom":"","left":"","link":"1"},"mobile":{"unit":"px","top":"","right":"","bottom":"","left":"","link":"1"}},"bg_color":"#696cb8","border_style":"","border_width":{"unit":"px","top":"","right":"","bottom":"","left":"","link":"1"},"border_color":"","border_radius":{"unit":"px","top":"5","right":"5","bottom":"5","left":"5","link":"1"},"box_shadow":{"color":"","x":"","y":"","blur":"","spread":"","inset":""}},"hover":{"text_color":"#ffffff","bg_color":"#696cb8","border_style":"","border_width":{"unit":"px","top":"","right":"","bottom":"","left":"","link":"1"},"border_color":"","border_radius":{"unit":"px","top":"5","right":"5","bottom":"5","left":"5","link":"1"},"box_shadow":{"color":"#ffffff","x":"","y":"","blur":"","spread":"","inset":""}}},"header_top_height":{"desktop":{"unit":"px","value":"60"},"tablet":{"unit":"px","value":""},"mobile":{"unit":"px","value":"33"}},"header_top_text_mode":"dark-mode","header_top_styling":{"normal":{"bg_color":"#ffffff","bg_image":{"id":"","url":"","mime":""},"bg_cover":"","bg_position":"","bg_repeat":"repeat","bg_attachment":"","border_style":"solid","border_width":{"unit":"px","top":"0","right":"0","bottom":"1","left":"0","link":""},"border_color":"rgba(10,10,10,0.06)","border_radius":{"unit":"px","top":"","right":"","bottom":"","left":"","link":"1"},"box_shadow":{"color":"","x":"","y":"","blur":"","spread":"","inset":""}},"hover":[]},"header_top_layout":"layout-full-contained","farmacie_search_box_icon_size":{"desktop":{"unit":"px","value":"18"},"tablet":{"unit":"px","value":""},"mobile":{"unit":"px","value":""}},"farmacie_search_box_input_styling":{"normal":{"text_color":"","padding":{"desktop":{"unit":"px","top":"","right":"","bottom":"","left":"","link":"1"},"tablet":{"unit":"px","top":"","right":"","bottom":"","left":"","link":"1"},"mobile":{"unit":"px","top":"","right":"","bottom":"","left":"","link":"1"}},"bg_color":"#f3f3f3","bg_position":"","border_style":"none","border_width":{"unit":"px","top":"","right":"","bottom":"","left":"","link":"1"},"border_color":"","border_radius":{"unit":"px","top":"30","right":"30","bottom":"30","left":"30","link":"1"},"box_shadow":{"color":"","x":"","y":"","blur":"","spread":"","inset":""}},"hover":{"text_color":"","bg_color":"","border_style":"","border_width":{"unit":"px","top":"","right":"","bottom":"","left":"","link":"1"},"border_color":"","box_shadow":{"color":"","x":"","y":"","blur":"","spread":"","inset":""}}},"farmacie_search_box_icon_styling":{"normal":{"text_color":"#000000","margin":{"desktop":{"unit":"px","top":"","right":"","bottom":"","left":"","link":"1"},"tablet":{"unit":"px","top":"","right":"","bottom":"","left":"","link":"1"},"mobile":{"unit":"px","top":"","right":"","bottom":"","left":"","link":"1"}},"padding":{"desktop":{"unit":"px","top":"","right":"","bottom":"","left":"","link":"1"},"tablet":{"unit":"px","top":"","right":"","bottom":"","left":"","link":"1"},"mobile":{"unit":"px","top":"","right":"","bottom":"","left":"","link":"1"}},"bg_color":"rgba(255,255,255,0)","bg_position":"","border_style":"","border_width":{"unit":"px","top":"","right":"","bottom":"","left":"","link":"1"},"border_color":"","border_radius":{"unit":"px","top":"","right":"","bottom":"","left":"","link":"1"},"box_shadow":{"color":"","x":"","y":"","blur":"","spread":"","inset":""}},"hover":{"text_color":"#707070","bg_color":"","border_style":"","border_width":{"unit":"px","top":"","right":"","bottom":"","left":"","link":"1"},"border_color":"","box_shadow":{"color":"","x":"","y":"","blur":"","spread":"","inset":""}}},"farmacie_search_box_placeholder":"Search here...","farmacie_search_box_width":{"desktop":{"unit":"px","value":"400"},"tablet":{"unit":"px","value":""},"mobile":{"unit":"px","value":""}},"header_main_height":{"desktop":{"unit":"px","value":"78"},"tablet":{"unit":"px","value":""},"mobile":{"unit":"px","value":""}},"farmacie_search_box_height":{"desktop":{"unit":"px","value":""},"tablet":{"unit":"px","value":""},"mobile":{"unit":"px","value":""}},"header_main_layout":"layout-fullwidth","farmacie_primary_menu_item_styling":{"normal":{"text_color":"#0a0101","margin":{"desktop":{"unit":"px","top":"","right":"","bottom":"","left":"","link":"1"},"tablet":{"unit":"px","top":"","right":"","bottom":"","left":"","link":"1"},"mobile":{"unit":"px","top":"","right":"","bottom":"","left":"","link":"1"}},"padding":{"desktop":{"unit":"px","top":"","right":"","bottom":"","left":"","link":"1"},"tablet":{"unit":"px","top":"","right":"","bottom":"","left":"","link":"1"},"mobile":{"unit":"px","top":"","right":"","bottom":"","left":"","link":"1"}},"bg_color":"","border_style":"none","border_width":{"unit":"px","top":"","right":"","bottom":"","left":"","link":"1"},"border_color":"","border_radius":{"unit":"px","top":"","right":"","bottom":"","left":"","link":"1"},"box_shadow":{"color":"","x":"","y":"","blur":"","spread":"","inset":""}},"hover":{"text_color":"","bg_color":"","border_style":"none","border_width":{"unit":"px","top":"","right":"","bottom":"","left":"","link":"1"},"border_color":"","border_radius":{"unit":"px","top":"","right":"","bottom":"","left":"","link":"1"},"box_shadow":{"color":"","x":"","y":"","blur":"","spread":"","inset":""}}},"header_primary-menu_margin":{"desktop":{"unit":"px","top":"","right":"","bottom":"","left":"","link":1},"tablet":{"unit":"px","top":"","right":"","bottom":"","left":"","link":1},"mobile":{"unit":"px","top":"","right":"","bottom":"","left":"","link":1}},"farmacie_header_my_account_styling":"","farmacie_header_my_account_styling_submenu":"","farmacie_header_my_account__hide_icon":0,"farmacie_primary_menu_style":"style-border-bottom","farmacie_primary_menu_style_border_color":"#fc634a","farmacie_styling_settings_color_links_normal":"#0a0a0a","farmacie_styling_settings_color_links_hover":"#fc634a","farmacie_styling_settings_color_text_color":"#fc634a","farmacie_styling_settings_main_bg_color":"#fc634a","farmacie_styling_settings_main_border_color":"#fc634a","farmacie_styling_settings_selection_color":"#ffffff","farmacie_styling_settings_selection_bg":"#fc634a","farmacie_not_found_404_img":{"id":"6582","url":"https:\/\/farmacie.modeltheme.com\/wp-content\/uploads\/2022\/11\/404-e1667984172770.png?t=1667984175268","mime":"image\/png"},"farmacie_header_button_position":"after","header_textcolor":"","farmacie_styling_settings_main_text_color":"#0a0101","farmacie_styling_settings_main_text_color_hover":"#fc634a","farmacie_styling_settings_submenu_text_color_hover":"#fc634a","farmacie_favicon":{"id":"3673","url":"https:\/\/farmacie.modeltheme.com\/wp-content\/uploads\/2022\/08\/cropped-logo-1.png?t=1661412353983","mime":"image\/png"},"farmacie_backtotop_bg_color":"#fc634a","farmacie_navigation2_typography":{"font":"","font_weight":"400","languages":[],"font_size":{"desktop":{"unit":"px","value":""},"tablet":{"unit":"px","value":""},"mobile":{"unit":"px","value":""}},"line_height":{"desktop":{"unit":"px","value":""},"tablet":{"unit":"px","value":""},"mobile":{"unit":"px","value":""}},"letter_spacing":{"unit":"px","value":""},"style":"","text_decoration":"","text_transform":"","variant":[],"font_type":"normal"},"farmacie_navigation2_item_styling":{"normal":{"text_color":"#0a0a0a","margin":{"desktop":{"unit":"px","top":"","right":"","bottom":"","left":"","link":"1"},"tablet":{"unit":"px","top":"","right":"","bottom":"","left":"","link":"1"},"mobile":{"unit":"px","top":"","right":"","bottom":"","left":"","link":"1"}},"padding":{"desktop":{"unit":"px","top":"","right":"","bottom":"","left":"","link":"1"},"tablet":{"unit":"px","top":"","right":"","bottom":"","left":"","link":"1"},"mobile":{"unit":"px","top":"","right":"","bottom":"","left":"","link":"1"}},"bg_color":"","border_style":"","border_width":{"unit":"px","top":"","right":"","bottom":"","left":"","link":"1"},"border_color":"","border_radius":{"unit":"px","top":"","right":"","bottom":"","left":"","link":"1"},"box_shadow":{"color":"","x":"","y":"","blur":"","spread":"","inset":""}},"hover":{"text_color":"#fc634a","bg_color":"","border_style":"","border_width":{"unit":"px","top":"","right":"","bottom":"","left":"","link":"1"},"border_color":"","border_radius":{"unit":"px","top":"","right":"","bottom":"","left":"","link":"1"},"box_shadow":{"color":"","x":"","y":"","blur":"","spread":"","inset":""}}},"farmacie_header_button_link":"https:\/\/farmacie.modeltheme.com\/blog\/","farmacie_header_button_target":0,"farmacie_header_html":"<span style=\"color:#222\">We are open with limited hours and staff.<\/span>","farmacie_header_my_account__hide_text":1,"farmacie_header_my_cart__hide_text":1,"header_main_styling":{"normal":{"bg_color":"","bg_image":{"id":"","url":"","mime":""},"bg_cover":"","bg_position":"","bg_repeat":"repeat","bg_attachment":"","border_style":"solid","border_width":{"unit":"px","top":"0","right":"0","bottom":"1","left":"0","link":""},"border_color":"rgba(10,10,10,0.06)","border_radius":{"unit":"px","top":"","right":"","bottom":"","left":"","link":"1"},"box_shadow":{"color":"","x":"","y":"","blur":"","spread":"","inset":""}},"hover":[]},"farmacie_primary_menu_style_border_h":{"unit":"px","value":"2"},"farmacie_primary_menu_style_border_pos":{"unit":"px","value":""},"header_bottom_height":{"desktop":{"unit":"px","value":"102"},"tablet":{"unit":"px","value":""},"mobile":{"unit":"px","value":""}},"farmacie_navigation2__hide-arrow":0,"farmacie_shop_layout":"left-sidebar","farmacie_shop_product_box_description":0,"farmacie_shop_product_box_rating":0,"footer_main_text_mode":"dark-mode","footer_main_background_color":"#ffffff","footer_bottom_background_color":"#ffffff","farmacie_shop_product_box_category":1,"farmacie_shop_product_box_button":"on-hover","farmacie_shop_product_box_layout":"left","farmacie_styling_settings_buttons_styling":{"normal":{"text_color":"#ffffff","padding":{"desktop":{"unit":"px","top":"15","right":"25","bottom":"15","left":"25","link":""},"tablet":{"unit":"px","top":"","right":"","bottom":"","left":"","link":"1"},"mobile":{"unit":"px","top":"","right":"","bottom":"","left":"","link":"1"}},"bg_color":"#fc634a","bg_position":"","border_style":"","border_width":{"unit":"px","top":"","right":"","bottom":"","left":"","link":"1"},"border_color":"","border_radius":{"unit":"px","top":"30","right":"30","bottom":"30","left":"30","link":"1"},"box_shadow":{"color":"","x":"","y":"","blur":"","spread":"","inset":""}},"hover":{"text_color":"#ffffff","bg_color":"#222222","border_style":"","border_width":{"unit":"px","top":"","right":"","bottom":"","left":"","link":"1"},"border_color":"","box_shadow":{"color":"","x":"","y":"","blur":"","spread":"","inset":""}}},"header_sidebar_animate":"menu_sidebar_dropdown","header_sidebar_skin_mode":"light-mode","header_sidebar_align":{"desktop":"","tablet":"","mobile":"left"},"farmacie_social_media_shares_facebook":1,"farmacie_social_media_shares_linkedin":1,"farmacie_social_media_shares_telegram":1,"farmacie_social_media_shares_email":1,"farmacie_header_social_icons_items":[{"title":"Facebook","icon":{"type":"font-awesome","icon":"fa fa-facebook"},"url":"#sadas","_visibility":"visible"},{"title":"Twitter","icon":{"type":"font-awesome","icon":"fa fa-twitter"},"url":"#asdas","_visibility":"visible"},{"title":"Youtube","icon":{"type":"font-awesome","icon":"fa fa-youtube-play"},"url":"#sadasdsa","_visibility":"visible"},{"title":"Instagram","icon":{"type":"font-awesome","icon":"fa fa-instagram"},"url":"#","_visibility":"visible"},{"title":"Pinterest","icon":{"type":"font-awesome","icon":"fa fa-pinterest"},"url":"#","_visibility":"visible"}],"farmacie_header_social_icons_size":{"desktop":{"unit":"px","value":"5"},"tablet":{"unit":"px","value":""},"mobile":{"unit":"px","value":""}},"footer_copyright":"Copyright &copy; {current_year} {site_title}. All Rights Reserved - Powered by {theme_author}.","farmacie_social_media_links_twitter":"www.twitter.com\/modeltheme","farmacie_social_media_links_facebook":"www.facebook.com\/modeltheme","farmacie_social_media_links_linkedin":"www.linkedin.com\/modeltheme","farmacie_social_media_links_instagram":"www.instagram.com\/modeltheme","farmacie_social_media_links_pinterest":"www.pinterest.com\/modeltheme","farmacie_social_media_links_vimeo":"www.vimeo.com\/modeltheme","footer_bottom_layout":"layout-full-contained","footer_bottom_text_mode":"dark-mode","farmacie_shop_product_box_styling":"","farmacie_shop_product_box_button_text":"only-text","farmacie_header_wishlist_styling":"","farmacie_navigation1_style":"style-full-height","farmacie_styling_settings_fields_styling":{"normal":{"text_color":"","padding":{"desktop":{"unit":"px","top":"12","right":"25","bottom":"12","left":"25","link":""},"tablet":{"unit":"px","top":"","right":"","bottom":"","left":"","link":"1"},"mobile":{"unit":"px","top":"","right":"","bottom":"","left":"","link":"1"}},"bg_color":"","bg_position":"","border_style":"","border_width":{"unit":"px","top":"","right":"","bottom":"","left":"","link":"1"},"border_color":"","border_radius":{"unit":"px","top":"30","right":"30","bottom":"30","left":"30","link":"1"},"box_shadow":{"color":"","x":"","y":"","blur":"","spread":"","inset":""}},"hover":{"text_color":"","link_color":"","bg_color":"","border_style":"","border_width":{"unit":"px","top":"","right":"","bottom":"","left":"","link":"1"},"border_color":"","border_radius":{"unit":"px","top":"","right":"","bottom":"","left":"","link":"1"},"box_shadow":{"color":"","x":"","y":"","blur":"","spread":"","inset":""}}},"farmacie_styling_settings_main_bg_color_hover":"#222222","farmacie_styling_settings_submenu_background_hover":"#ffffff","farmacie_backtotop_bg_color_hover":"#000000","farmacie_styling_settings_body_typo":{"font":"Poppins","font_weight":"regular","languages":[],"font_size":{"desktop":{"unit":"px","value":"16"},"tablet":{"unit":"px","value":""},"mobile":{"unit":"px","value":""}},"line_height":{"desktop":{"unit":"px","value":"26"},"tablet":{"unit":"px","value":""},"mobile":{"unit":"px","value":""}},"letter_spacing":{"unit":"px","value":""},"style":"normal","text_decoration":"none","text_transform":"","variant":["100","100italic","200","200italic","300","300italic","regular","italic","500","500italic","600","600italic","700","700italic","800","800italic","900","900italic"],"font_type":"google"},"farmacie_blog_typography":{"font":"Poppins","font_weight":"regular","languages":[],"font_size":{"desktop":{"unit":"px","value":""},"tablet":{"unit":"px","value":""},"mobile":{"unit":"px","value":""}},"line_height":{"desktop":{"unit":"px","value":""},"tablet":{"unit":"px","value":""},"mobile":{"unit":"px","value":""}},"letter_spacing":{"unit":"px","value":""},"style":"","text_decoration":"","text_transform":"","variant":["100","100italic","200","200italic","300","300italic","regular","italic","500","500italic","600","600italic","700","700italic","800","800italic","900","900italic"],"font_type":"google"},"farmacie_styling_settings_fields_styling_focus":"#878787","farmacie_header_button_typography":{"font":"","font_weight":"600","languages":[],"font_size":{"desktop":{"unit":"px","value":""},"tablet":{"unit":"px","value":""},"mobile":{"unit":"px","value":""}},"line_height":{"desktop":{"unit":"px","value":""},"tablet":{"unit":"px","value":""},"mobile":{"unit":"px","value":""}},"letter_spacing":{"unit":"px","value":""},"style":"","text_decoration":"","text_transform":"","variant":[],"font_type":"normal"},"farmacie_styling_settings_buttons_typo":{"font":"","font_weight":"600","languages":[],"font_size":{"desktop":{"unit":"px","value":""},"tablet":{"unit":"px","value":""},"mobile":{"unit":"px","value":""}},"line_height":{"desktop":{"unit":"px","value":""},"tablet":{"unit":"px","value":""},"mobile":{"unit":"px","value":""}},"letter_spacing":{"unit":"px","value":""},"style":"","text_decoration":"","text_transform":"","variant":[],"font_type":"normal"},"farmacie_styling_settings_h1_typo":{"font":"","font_weight":"","languages":[],"font_size":{"desktop":{"unit":"px","value":""},"tablet":{"unit":"px","value":""},"mobile":{"unit":"px","value":""}},"line_height":{"desktop":{"unit":"px","value":""},"tablet":{"unit":"px","value":""},"mobile":{"unit":"px","value":""}},"letter_spacing":{"unit":"px","value":""},"style":"","text_decoration":"","text_transform":"","variant":[],"font_type":"normal"},"farmacie_styling_settings_h2_typo":{"font":"","font_weight":"","languages":[],"font_size":{"desktop":{"unit":"px","value":""},"tablet":{"unit":"px","value":""},"mobile":{"unit":"px","value":""}},"line_height":{"desktop":{"unit":"px","value":""},"tablet":{"unit":"px","value":""},"mobile":{"unit":"px","value":""}},"letter_spacing":{"unit":"px","value":""},"style":"","text_decoration":"","text_transform":"","variant":[],"font_type":"normal"},"farmacie_styling_settings_h3_typo":{"font":"","font_weight":"","languages":[],"font_size":{"desktop":{"unit":"px","value":""},"tablet":{"unit":"px","value":""},"mobile":{"unit":"px","value":""}},"line_height":{"desktop":{"unit":"px","value":""},"tablet":{"unit":"px","value":""},"mobile":{"unit":"px","value":""}},"letter_spacing":{"unit":"px","value":""},"style":"","text_decoration":"","text_transform":"","variant":[],"font_type":"normal"},"farmacie_styling_settings_h4_typo":{"font":"","font_weight":"","languages":[],"font_size":{"desktop":{"unit":"px","value":""},"tablet":{"unit":"px","value":""},"mobile":{"unit":"px","value":""}},"line_height":{"desktop":{"unit":"px","value":""},"tablet":{"unit":"px","value":""},"mobile":{"unit":"px","value":""}},"letter_spacing":{"unit":"px","value":""},"style":"","text_decoration":"","text_transform":"","variant":[],"font_type":"normal"},"farmacie_not_found_404_content":"Sorry! The page you were looking for could not be found. Try searching for it or browse through our website.","farmacie_navigation1_item_styling":{"normal":{"text_color":"#ffffff","margin":{"desktop":{"unit":"px","top":"","right":"","bottom":"","left":"","link":"1"},"tablet":{"unit":"px","top":"","right":"","bottom":"","left":"","link":"1"},"mobile":{"unit":"px","top":"","right":"","bottom":"","left":"","link":"1"}},"padding":{"desktop":{"unit":"px","top":"","right":"","bottom":"","left":"","link":"1"},"tablet":{"unit":"px","top":"","right":"","bottom":"","left":"","link":"1"},"mobile":{"unit":"px","top":"","right":"","bottom":"","left":"","link":"1"}},"bg_color":"","border_style":"solid","border_width":{"unit":"px","top":"1","right":"1","bottom":"1","left":"1","link":"1"},"border_color":"#bf1586","border_radius":{"unit":"px","top":"","right":"","bottom":"","left":"","link":"1"},"box_shadow":{"color":"","x":"","y":"","blur":"","spread":"","inset":""}},"hover":{"text_color":"","bg_color":"","border_style":"","border_width":{"unit":"px","top":"","right":"","bottom":"","left":"","link":"1"},"border_color":"","border_radius":{"unit":"px","top":"","right":"","bottom":"","left":"","link":"1"},"box_shadow":{"color":"","x":"","y":"","blur":"","spread":"","inset":""}}},"farmacie_styling_settings_submenu_border_color_hover":"rgba(0,0,0,0.1)","farmacie_general_settings_look_radius":{"unit":"px","value":"25"},"farmacie_blog_single_layout":"right-sidebar","farmacie_single_product_related":1,"farmacie_search_box_icon_pos":{"desktop":{"unit":"px","value":"-50"},"tablet":{"unit":"px","value":"-47"},"mobile":{"unit":"px","value":"-47"}},"farmacie_logo_max_width":{"desktop":{"unit":"px","value":"0"},"tablet":{"unit":"px","value":""},"mobile":{"unit":"px","value":""}},"farmacie_logo":{"id":"7631","url":"https:\/\/farmacie.modeltheme.com\/wp-content\/uploads\/2022\/11\/logo.svg?t=1668065981885","mime":"image\/svg xml"},"farmacie_logo_sticky":{"id":"7631","url":"https:\/\/farmacie.modeltheme.com\/wp-content\/uploads\/2022\/11\/logo.svg?t=1668065992028","mime":"image\/svg xml"},"header_top_width_container":{"desktop":{"unit":"px","value":"1410"},"tablet":{"unit":"px","value":""},"mobile":{"unit":"px","value":""}},"header_main_width_container":{"desktop":{"unit":"px","value":"1410"},"tablet":{"unit":"px","value":""},"mobile":{"unit":"px","value":""}},"farmacie_header_my_cart_typography":{"font":"","font_weight":"","languages":[],"font_size":{"desktop":{"unit":"px","value":""},"tablet":{"unit":"px","value":""},"mobile":{"unit":"px","value":""}},"line_height":{"desktop":{"unit":"px","value":""},"tablet":{"unit":"px","value":""},"mobile":{"unit":"px","value":""}},"letter_spacing":{"unit":"px","value":""},"style":"","text_decoration":"","text_transform":"","variant":[],"font_type":"normal"},"farmacie_header_my_cart_icon":{"type":"linear-icons-v100","icon":"lnr lnr-cart"},"farmacie_header_my_cart_icon_max_height":{"desktop":{"unit":"px","value":"25"},"tablet":{"unit":"px","value":""},"mobile":{"unit":"px","value":""}},"farmacie_header_my_cart__cart_contents":0,"farmacie_header_my_account_icon_max_height":{"desktop":{"unit":"px","value":"23"},"tablet":{"unit":"px","value":""},"mobile":{"unit":"px","value":""}},"farmacie_header_my_account_icon":{"type":"linear-icons-v100","icon":"lnr lnr-user"},"footer_footer-1_margin":{"desktop":{"unit":"px","top":"0","right":"0","bottom":"0","left":"0","link":1},"tablet":{"unit":"px","top":"","right":"","bottom":"","left":"","link":1},"mobile":{"unit":"px","top":"","right":"","bottom":"","left":"","link":1}},"farmacie_search_box_font_size":{"font":"","font_weight":"","languages":[],"font_size":{"desktop":{"unit":"px","value":"15"},"tablet":{"unit":"px","value":""},"mobile":{"unit":"px","value":""}},"line_height":{"desktop":{"unit":"px","value":"30"},"tablet":{"unit":"px","value":""},"mobile":{"unit":"px","value":""}},"letter_spacing":{"unit":"px","value":""},"style":"","text_decoration":"","text_transform":"","variant":[],"font_type":"normal"},"farmacie_breadcrumbs_alignment":"center","farmacie_breadcrumbs_bg_image":{"id":"6306","url":"https:\/\/farmacie.modeltheme.com\/wp-content\/uploads\/2022\/10\/breadcrumbs.jpg?t=1667224419650","mime":"image\/jpeg"},"farmacie_breadcrumbs_styling":{"normal":{"padding":{"desktop":{"unit":"px","top":"65","right":"","bottom":"65","left":"","link":""},"tablet":{"unit":"px","top":"","right":"","bottom":"","left":"","link":"1"},"mobile":{"unit":"px","top":"","right":"","bottom":"","left":"","link":"1"}},"bg_position":"","border_width":{"unit":"px","top":"","right":"","bottom":"","left":"","link":"1"},"border_color":""},"hover":{"border_width":{"unit":"px","top":"","right":"","bottom":"","left":"","link":"1"},"border_color":""}},"farmacie_breadcrumbs_title_color":"#ffffff","farmacie_breadcrumbs_title_typo":{"font":"","font_weight":"500","languages":[],"font_size":{"desktop":{"unit":"px","value":"48"},"tablet":{"unit":"px","value":""},"mobile":{"unit":"px","value":""}},"line_height":{"desktop":{"unit":"px","value":"51"},"tablet":{"unit":"px","value":""},"mobile":{"unit":"px","value":""}},"letter_spacing":{"unit":"px","value":"0.5"},"style":"","text_decoration":"","text_transform":"","variant":[],"font_type":"normal"},"farmacie_breadcrumbs_subtitle_color":"#ffffff","farmacie_breadcrumbs_subtitle_typo":{"font":"","font_weight":"","languages":[],"font_size":{"desktop":{"unit":"px","value":"15"},"tablet":{"unit":"px","value":""},"mobile":{"unit":"px","value":""}},"line_height":{"desktop":{"unit":"px","value":"35"},"tablet":{"unit":"px","value":""},"mobile":{"unit":"px","value":""}},"letter_spacing":{"unit":"px","value":""},"style":"","text_decoration":"","text_transform":"","variant":[],"font_type":"normal"},"farmacie_category_button_styling":{"normal":{"text_color":"#ffffff","padding":{"desktop":{"unit":"px","top":"","right":"","bottom":"","left":"","link":"1"},"tablet":{"unit":"px","top":"","right":"","bottom":"","left":"","link":"1"},"mobile":{"unit":"px","top":"","right":"","bottom":"","left":"","link":"1"}},"bg_color":"#f2634d","bg_position":"","border_style":"","border_width":{"unit":"px","top":"","right":"","bottom":"","left":"","link":"1"},"border_color":"","border_radius":{"unit":"px","top":"","right":"","bottom":"","left":"","link":"1"},"box_shadow":{"color":"","x":"","y":"","blur":"","spread":"","inset":""}},"hover":{"text_color":"","bg_color":"","border_style":"","border_width":{"unit":"px","top":"","right":"","bottom":"","left":"","link":"1"},"border_color":"","box_shadow":{"color":"","x":"","y":"","blur":"","spread":"","inset":""}}},"farmacie_header_wishlist_icon_max_height":{"desktop":{"unit":"px","value":"25"},"tablet":{"unit":"px","value":""},"mobile":{"unit":"px","value":""}},"farmacie_header_wishlist_icon":{"type":"linear-icons-v100","icon":"lnr lnr-heart"},"farmacie_header_wishlist__hide_text":1,"farmacie_search_icon_in":"product","farmacie_search_icon_size":{"desktop":{"unit":"px","value":"25"},"tablet":{"unit":"px","value":""},"mobile":{"unit":"px","value":""}},"farmacie_breadcrumbs_delimitator":"\/","farmacie_header_html_typo":{"font":"","font_weight":"400","languages":[],"font_size":{"desktop":{"unit":"px","value":""},"tablet":{"unit":"px","value":""},"mobile":{"unit":"px","value":""}},"line_height":{"desktop":{"unit":"px","value":""},"tablet":{"unit":"px","value":""},"mobile":{"unit":"px","value":""}},"letter_spacing":{"unit":"px","value":""},"style":"","text_decoration":"","text_transform":"","variant":[],"font_type":"normal"},"farmacie_primary_menu_typography":{"font":"","font_weight":"","languages":[],"font_size":{"desktop":{"unit":"px","value":"16"},"tablet":{"unit":"px","value":""},"mobile":{"unit":"px","value":""}},"line_height":{"desktop":{"unit":"px","value":""},"tablet":{"unit":"px","value":""},"mobile":{"unit":"px","value":""}},"letter_spacing":{"unit":"px","value":""},"style":"","text_decoration":"","text_transform":"","variant":[],"font_type":"normal"},"farmacie_blog_article_card_styling":"","footer_main_title_typography":{"font":"","font_weight":"600","languages":[],"font_size":{"desktop":{"unit":"px","value":"20"},"tablet":{"unit":"px","value":""},"mobile":{"unit":"px","value":""}},"line_height":{"desktop":{"unit":"px","value":""},"tablet":{"unit":"px","value":""},"mobile":{"unit":"px","value":""}},"letter_spacing":{"unit":"px","value":"0"},"style":"","text_decoration":"","text_transform":"","variant":[],"font_type":"normal"},"farmacie_shop_product_box_categ_styling":{"font":"","font_weight":"","languages":[],"font_size":{"desktop":{"unit":"px","value":"13"},"tablet":{"unit":"px","value":""},"mobile":{"unit":"px","value":""}},"line_height":{"desktop":{"unit":"px","value":""},"tablet":{"unit":"px","value":""},"mobile":{"unit":"px","value":""}},"letter_spacing":{"unit":"px","value":"1"},"style":"","text_decoration":"","text_transform":"","variant":[],"font_type":"normal"},"farmacie_shop_product_box_categ_color":"#6d6d6d","farmacie_shop_product_box_price_styling":{"font":"","font_weight":"","languages":[],"font_size":{"desktop":{"unit":"px","value":"18"},"tablet":{"unit":"px","value":""},"mobile":{"unit":"px","value":""}},"line_height":{"desktop":{"unit":"px","value":"26"},"tablet":{"unit":"px","value":""},"mobile":{"unit":"px","value":""}},"letter_spacing":{"unit":"px","value":""},"style":"","text_decoration":"","text_transform":"","variant":[],"font_type":"normal"},"farmacie_shop_product_box_price_color":"","header_navigation2_margin":{"desktop":{"unit":"px","top":"","right":"-5","bottom":"","left":"","link":null},"tablet":{"unit":"px","top":"","right":"","bottom":"","left":"","link":1},"mobile":{"unit":"px","top":"","right":"","bottom":"","left":"","link":1}}}